{
  "_comment": "JIRA Integration Configuration File",
  "_instructions": {
    "jira": "JIRA connection settings - Update with your actual credentials",
    "constants": "Default values for created issues - Customize as needed",
    "processing": "Processing behavior settings - Adjust for your environment"
  },
  "jira": {
    "url": "https://jira.esl.corp.elbit.co.il",
    "username": "user",
    "password": "pass",
    "project_key": "123",
    "epic_key": "ASUVNG-1840",
    "structure_board_id": "5062"
  },
  "constants": {
    "issue_type": "Bug",
    "assignee": "",
    "reporter": "",
    "priority": "Medium",
    "components": [],
    "labels": ["QC", "CSV_IMPORT"],
    "custom_fields": {
      "_comment": "Add custom field mappings here",
      "_example": "customfield_10001: 'Custom Value'"
    }
  },
  "processing": {
    "batch_size": 10,
    "retry_attempts": 3,
    "retry_delay": 5,
    "timeout": 30
  }
}
