Bug number,Bug summery,Bug description,Detected by,Assign to
QC101,Critical security vulnerability in authentication,"A critical security flaw allows users to bypass authentication by manipulating session tokens. This poses a significant risk to user data and system integrity.",security.team,senior.dev
QC102,Database connection timeout during peak hours,"Database connections frequently timeout during peak usage hours between 2-4 PM. Users experience delayed responses and failed transactions affecting business operations.",backend.qa,database.admin
QC103,Mobile UI crashes on iOS devices,"The mobile application consistently crashes on iOS devices running version 15.0 and above. The crash occurs when users attempt to access the profile screen.",mobile.tester,ios.developer
QC104,Performance degradation in search functionality,"Search response times have increased from 200ms to 5+ seconds. The search algorithm appears to be inefficient when processing large datasets.",performance.qa,backend.engineer
QC105,Password reset emails not being sent,"Users report not receiving password reset emails despite successful form submissions. SMTP logs show no errors but emails are not delivered.",system.tester,email.admin
QC106,Incorrect tax calculations for international orders,"Tax calculation module returns wrong values for orders placed from international locations. The issue affects revenue calculations and compliance.",finance.qa,tax.specialist
QC107,File upload fails for files larger than 2MB,"File upload functionality rejects files larger than 2MB even though system specifications allow up to 10MB. Users cannot upload necessary documents.",upload.tester,storage.admin
QC108,API rate limiting causing client disconnections,"API rate limiting is triggering false positives causing legitimate client applications to be disconnected. This affects third-party integrations.",api.qa,api.developer
QC109,Cross-browser compatibility issues in Firefox,"Web application displays incorrectly in Firefox browser versions 90+. CSS layouts are broken and some JavaScript functions don't work properly.",browser.tester,frontend.dev
QC110,Memory leak in background data processing,"Background data processing jobs show increasing memory usage over time leading to system crashes. Memory is not being properly released after job completion.",system.monitor,backend.lead
QC111,Notification system sending duplicate messages,"Push notification system sends duplicate messages to users causing spam and poor user experience. The issue appears to be related to message queuing.",notification.qa,messaging.dev
QC112,Single sign-on integration failure,"SSO integration with corporate directory fails intermittently. Users cannot authenticate using their company credentials causing productivity loss.",sso.tester,auth.specialist
QC113,Data export functionality generates corrupted files,"PDF and Excel export features generate corrupted files that cannot be opened. Users are unable to extract data for reporting purposes.",export.qa,report.engineer
QC114,Load balancer health checks failing,"Load balancer health checks are failing incorrectly marking healthy servers as unavailable. This causes unnecessary failovers and service disruptions.",infra.monitor,devops.engineer
QC115,Payment processing integration errors,"Payment gateway integration returns error codes even for valid transactions. This prevents users from completing purchases and affects revenue.",payment.qa,payment.dev