{
  "jira": {
    "url": "https://jira.esl.corp.elbit.co.il",
    "username": "your-corporate-username",
    "password": "your-corporate-password",
    "project_key": "YOUR_PROJECT_KEY",
    "verify_ssl": false,
    "use_selenium": true
  },
  "bug_template": {
    "issue_type": "Bug",
    "priority": "Medium",
    "product": "Corporate Product",
    "environment": "Testing",
    "reproducible": true,
    "default_assignee": "",
    "default_reporter": "qa-team",
    "components": [
      "QA Component"
    ],
    "labels": [
      "QC-Import",
      "Automated",
      "Selenium-Auth"
    ],
    "custom_fields": {
      "customfield_10001": {
        "value": "High"
      },
      "customfield_10002": "QC Import via Selenium"
    },
    "additional_notes": "This issue was automatically created from QC bug data using Selenium browser automation. Please review and update as necessary."
  },
  "processing_options": {
    "batch_size": 50,
    "delay_between_requests": 1.0,
    "max_retries": 3,
    "skip_validation": false
  },
  "wbs_structure": {
    "root_component": "Quality Control",
    "default_epic": "QC-001",
    "hierarchy_levels": [
      "Epic",
      "Story", 
      "Bug"
    ]
  }
}