Summary,Issue Type,Priority,Description,Component/s,Labels,Reporter,Assignee
Imported Bug,Bug,Medium,,,QC-Import QC-Unknown,,
Imported Bug,Bug,Medium,,,QC-Import QC-Unknown,,
Imported Bug,Bug,Medium,,,QC-Import QC-Unknown,,
Imported Bug,Bug,Medium,,,QC-Import QC-Unknown,,
Imported Bug,Bug,Medium,,,QC-Import QC-Unknown,,
Imported Bug,Bug,Medium,,,QC-Import QC-Unknown,,
Imported Bug,Bug,Medium,,,QC-Import QC-Unknown,,
Imported Bug,Bug,Medium,,,QC-Import QC-Unknown,,
Imported Bug,Bug,Medium,,,QC-Import QC-Unknown,,
Imported Bug,Bug,Medium,,,QC-Import QC-Unknown,,
