Bug number,Bug summery,Bug description,Detected by,Assign to
QC001,Login page crashes on Firefox,"When attempting to login on Firefox browser version 91.0, the page becomes unresponsive and eventually crashes. This occurs consistently across different user accounts.",john.doe,jane.smith
QC002,Incorrect calculation in tax module,"The tax calculation module returns incorrect values when processing orders over $1000. The tax rate appears to be doubled for high-value transactions.",sarah.johnson,mike.wilson  
QC003,Mobile app crashes on startup,"Android mobile application crashes immediately upon startup on devices running Android 11. Error occurs before login screen is displayed.",david.brown,lisa.garcia
QC004,Export functionality not working,"PDF export feature in reports module fails to generate files. Users receive 'Export failed' error message without additional details.",emily.davis,robert.taylor
QC005,Database connection timeout,"Application frequently experiences database connection timeouts during peak usage hours (2-4 PM). Affects multiple user operations.",michael.chen,amanda.white
QC006,UI elements misaligned on mobile,"User interface elements are incorrectly positioned on mobile devices with screen resolution 375x667. Buttons and text fields overlap.",jennifer.lee,kevin.martinez
QC007,Password reset email not sent,"Users report not receiving password reset emails when using the 'Forgot Password' functionality. SMTP logs show no errors.",christopher.hall,stephanie.anderson
QC008,Search results not accurate,"Search functionality returns irrelevant results when using specific keywords. Algorithm appears to ignore exact match criteria.",patricia.moore,daniel.thomas
QC009,Page loading performance issue,"Dashboard page takes over 15 seconds to load completely. Performance degradation noticed after recent deployment.",ryan.jackson,melissa.rodriguez
QC010,File upload size limit error,"File upload feature rejects files larger than 5MB even though system specification allows up to 10MB uploads.",nicole.thompson,jonathan.lewis
