Defect ID,Detected on Date,Program ID : Project Name,Detected in Block,Sys / Sub-Sys / Component / CSCI,Defect Type,STANAG-Safety-Level,Status,Detected By,Assigned To,Summary,Priority,Planned Closing Block,Description,Detected at,Detected in Version,Detected in Stage,Reproducible,Comments,Original Cancellation Reason
37465,2025-07-07,Program ID : Project Name,900NG Block 25.1,VMSC,1 - UV1_Defect,2 - Hazardous,New,name1,name3,sum1,,,"desc1
asd
asd
asd
",01 - Hybrid LAB,ver1,9 - UV2_Lab Integration & Informal Tests,Y,,
37455,2025-07-06,Program ID : Project Name,900NG Block 25.1,VMSC,1 - UV1_Defect,2 - Hazardous,New,name2,name4,sum2,,,"desc2
asd
asd

",01 - Hybrid LAB,ver2,91 - UV1_Implementation (Unit Test),Y,,
