defect_id,summary,bug_description,detected_by,assign_to,priority,component,status
12345,Login page crashes on mobile,The login page becomes unresponsive when accessed via mobile browser,John Doe,Jane Smith,High,Authentication,New
12346,Search results not displaying,Search functionality returns empty results even with valid queries,Alice Johnson,Bob Wilson,Medium,Search,New
12347,Payment processing error,Payment fails with credit card but succeeds with PayPal,Mike Brown,Sarah Davis,High,Payment,New
12348,UI layout broken on Firefox,Page layout appears distorted when viewed in Firefox browser,Tom Wilson,Lisa Chen,Low,UI,New
12349,Database connection timeout,Random database timeouts occurring during peak hours,David Lee,Mark Taylor,Critical,Database,New
