{
  "input_summary": {
    "total_rows": 10,
    "columns": [
      "Bug number",
      "Bug summery",
      "Bug description",
      "Detected by",
      "Assign to"
    ],
    "column_mappings": {
      "qc_number": "Bug number",
      "summary": "Bug description"
    },
    "sample_data": [
      {
        "Bug number": "QC001",
        "Bug summery": "Login page crashes on Firefox",
        "Bug description": "When attempting to login on Firefox browser version 91.0, the page becomes unresponsive and eventually crashes. This occurs consistently across different user accounts.",
        "Detected by": "john.doe",
        "Assign to": "jane.smith"
      },
      {
        "Bug number": "QC002",
        "Bug summery": "Incorrect calculation in tax module",
        "Bug description": "The tax calculation module returns incorrect values when processing orders over $1000. The tax rate appears to be doubled for high-value transactions.",
        "Detected by": "sarah.johnson",
        "Assign to": "mike.wilson  "
      },
      {
        "Bug number": "QC003",
        "Bug summery": "Mobile app crashes on startup",
        "Bug description": "Android mobile application crashes immediately upon startup on devices running Android 11. Error occurs before login screen is displayed.",
        "Detected by": "david.brown",
        "Assign to": "lisa.garcia"
      }
    ]
  },
  "processed_data": [
    {
      "original_index": 0,
      "original_data": {
        "Bug number": "QC001",
        "Bug summery": "Login page crashes on Firefox",
        "Bug description": "When attempting to login on Firefox browser version 91.0, the page becomes unresponsive and eventually crashes. This occurs consistently across different user accounts.",
        "Detected by": "john.doe",
        "Assign to": "jane.smith"
      },
      "extracted_qc_number": "QC001",
      "qc_patterns_found": [],
      "processing_notes": [],
      "qc_candidates": [
        [
          "column_mapping",
          "QC001"
        ],
        [
          "pattern_match",
          "001",
          "Bug number"
        ]
      ],
      "qc_extraction_method": "column_mapping",
      "extracted_summary": "When attempting to login on Firefox browser version 91.0, the page becomes unresponsive and eventually crashes. This occurs consistently across different user accounts.",
      "extracted_priority": "",
      "extracted_status": ""
    },
    {
      "original_index": 1,
      "original_data": {
        "Bug number": "QC002",
        "Bug summery": "Incorrect calculation in tax module",
        "Bug description": "The tax calculation module returns incorrect values when processing orders over $1000. The tax rate appears to be doubled for high-value transactions.",
        "Detected by": "sarah.johnson",
        "Assign to": "mike.wilson  "
      },
      "extracted_qc_number": "QC002",
      "qc_patterns_found": [],
      "processing_notes": [],
      "qc_candidates": [
        [
          "column_mapping",
          "QC002"
        ],
        [
          "pattern_match",
          "002",
          "Bug number"
        ],
        [
          "pattern_match",
          "1000",
          "Bug description"
        ]
      ],
      "qc_extraction_method": "column_mapping",
      "extracted_summary": "The tax calculation module returns incorrect values when processing orders over $1000. The tax rate appears to be doubled for high-value transactions.",
      "extracted_priority": "",
      "extracted_status": ""
    },
    {
      "original_index": 2,
      "original_data": {
        "Bug number": "QC003",
        "Bug summery": "Mobile app crashes on startup",
        "Bug description": "Android mobile application crashes immediately upon startup on devices running Android 11. Error occurs before login screen is displayed.",
        "Detected by": "david.brown",
        "Assign to": "lisa.garcia"
      },
      "extracted_qc_number": "QC003",
      "qc_patterns_found": [],
      "processing_notes": [],
      "qc_candidates": [
        [
          "column_mapping",
          "QC003"
        ],
        [
          "pattern_match",
          "003",
          "Bug number"
        ],
        [
          "pattern_match",
          "11",
          "Bug description"
        ]
      ],
      "qc_extraction_method": "column_mapping",
      "extracted_summary": "Android mobile application crashes immediately upon startup on devices running Android 11. Error occurs before login screen is displayed.",
      "extracted_priority": "",
      "extracted_status": ""
    },
    {
      "original_index": 3,
      "original_data": {
        "Bug number": "QC004",
        "Bug summery": "Export functionality not working",
        "Bug description": "PDF export feature in reports module fails to generate files. Users receive 'Export failed' error message without additional details.",
        "Detected by": "emily.davis",
        "Assign to": "robert.taylor"
      },
      "extracted_qc_number": "QC004",
      "qc_patterns_found": [],
      "processing_notes": [],
      "qc_candidates": [
        [
          "column_mapping",
          "QC004"
        ],
        [
          "pattern_match",
          "004",
          "Bug number"
        ]
      ],
      "qc_extraction_method": "column_mapping",
      "extracted_summary": "PDF export feature in reports module fails to generate files. Users receive 'Export failed' error message without additional details.",
      "extracted_priority": "",
      "extracted_status": ""
    },
    {
      "original_index": 4,
      "original_data": {
        "Bug number": "QC005",
        "Bug summery": "Database connection timeout",
        "Bug description": "Application frequently experiences database connection timeouts during peak usage hours (2-4 PM). Affects multiple user operations.",
        "Detected by": "michael.chen",
        "Assign to": "amanda.white"
      },
      "extracted_qc_number": "QC005",
      "qc_patterns_found": [],
      "processing_notes": [],
      "qc_candidates": [
        [
          "column_mapping",
          "QC005"
        ],
        [
          "pattern_match",
          "005",
          "Bug number"
        ]
      ],
      "qc_extraction_method": "column_mapping",
      "extracted_summary": "Application frequently experiences database connection timeouts during peak usage hours (2-4 PM). Affects multiple user operations.",
      "extracted_priority": "",
      "extracted_status": ""
    },
    {
      "original_index": 5,
      "original_data": {
        "Bug number": "QC006",
        "Bug summery": "UI elements misaligned on mobile",
        "Bug description": "User interface elements are incorrectly positioned on mobile devices with screen resolution 375x667. Buttons and text fields overlap.",
        "Detected by": "jennifer.lee",
        "Assign to": "kevin.martinez"
      },
      "extracted_qc_number": "QC006",
      "qc_patterns_found": [],
      "processing_notes": [],
      "qc_candidates": [
        [
          "column_mapping",
          "QC006"
        ],
        [
          "pattern_match",
          "006",
          "Bug number"
        ]
      ],
      "qc_extraction_method": "column_mapping",
      "extracted_summary": "User interface elements are incorrectly positioned on mobile devices with screen resolution 375x667. Buttons and text fields overlap.",
      "extracted_priority": "",
      "extracted_status": ""
    },
    {
      "original_index": 6,
      "original_data": {
        "Bug number": "QC007",
        "Bug summery": "Password reset email not sent",
        "Bug description": "Users report not receiving password reset emails when using the 'Forgot Password' functionality. SMTP logs show no errors.",
        "Detected by": "christopher.hall",
        "Assign to": "stephanie.anderson"
      },
      "extracted_qc_number": "QC007",
      "qc_patterns_found": [],
      "processing_notes": [],
      "qc_candidates": [
        [
          "column_mapping",
          "QC007"
        ],
        [
          "pattern_match",
          "007",
          "Bug number"
        ]
      ],
      "qc_extraction_method": "column_mapping",
      "extracted_summary": "Users report not receiving password reset emails when using the 'Forgot Password' functionality. SMTP logs show no errors.",
      "extracted_priority": "",
      "extracted_status": ""
    },
    {
      "original_index": 7,
      "original_data": {
        "Bug number": "QC008",
        "Bug summery": "Search results not accurate",
        "Bug description": "Search functionality returns irrelevant results when using specific keywords. Algorithm appears to ignore exact match criteria.",
        "Detected by": "patricia.moore",
        "Assign to": "daniel.thomas"
      },
      "extracted_qc_number": "QC008",
      "qc_patterns_found": [],
      "processing_notes": [],
      "qc_candidates": [
        [
          "column_mapping",
          "QC008"
        ],
        [
          "pattern_match",
          "008",
          "Bug number"
        ]
      ],
      "qc_extraction_method": "column_mapping",
      "extracted_summary": "Search functionality returns irrelevant results when using specific keywords. Algorithm appears to ignore exact match criteria.",
      "extracted_priority": "",
      "extracted_status": ""
    },
    {
      "original_index": 8,
      "original_data": {
        "Bug number": "QC009",
        "Bug summery": "Page loading performance issue",
        "Bug description": "Dashboard page takes over 15 seconds to load completely. Performance degradation noticed after recent deployment.",
        "Detected by": "ryan.jackson",
        "Assign to": "melissa.rodriguez"
      },
      "extracted_qc_number": "QC009",
      "qc_patterns_found": [],
      "processing_notes": [],
      "qc_candidates": [
        [
          "column_mapping",
          "QC009"
        ],
        [
          "pattern_match",
          "009",
          "Bug number"
        ]
      ],
      "qc_extraction_method": "column_mapping",
      "extracted_summary": "Dashboard page takes over 15 seconds to load completely. Performance degradation noticed after recent deployment.",
      "extracted_priority": "",
      "extracted_status": ""
    },
    {
      "original_index": 9,
      "original_data": {
        "Bug number": "QC010",
        "Bug summery": "File upload size limit error",
        "Bug description": "File upload feature rejects files larger than 5MB even though system specification allows up to 10MB uploads.",
        "Detected by": "nicole.thompson",
        "Assign to": "jonathan.lewis"
      },
      "extracted_qc_number": "QC010",
      "qc_patterns_found": [],
      "processing_notes": [],
      "qc_candidates": [
        [
          "column_mapping",
          "QC010"
        ],
        [
          "pattern_match",
          "010",
          "Bug number"
        ]
      ],
      "qc_extraction_method": "column_mapping",
      "extracted_summary": "File upload feature rejects files larger than 5MB even though system specification allows up to 10MB uploads.",
      "extracted_priority": "",
      "extracted_status": ""
    }
  ],
  "qc_patterns_found": [],
  "processing_log": [
    "Column mappings identified: {'qc_number': 'Bug number', 'summary': 'Bug description'}"
  ],
  "analysis_timestamp": "2025-07-01T11:31:49.706888"
}