[
  {
    "key": "ASUVNG-1000",
    "qc_number": "12345",
    "summary": "QC ID #12345 - Sample existing bug 1",
    "status": "Open",
    "assignee": "John Doe",
    "priority": "Medium",
    "created": "2024-01-01T10:00:00.000Z",
    "jira_url": "https://jira.esl.corp.elbit.co.il/browse/ASUVNG-1000",
    "data_source": "simulated_for_testing"
  },
  {
    "key": "ASUVNG-1001",
    "qc_number": "67890",
    "summary": "QC ID #67890 - Sample existing bug 2",
    "status": "Open",
    "assignee": "John Doe",
    "priority": "Medium",
    "created": "2024-01-01T10:00:00.000Z",
    "jira_url": "https://jira.esl.corp.elbit.co.il/browse/ASUVNG-1001",
    "data_source": "simulated_for_testing"
  },
  {
    "key": "ASUVNG-1002",
    "qc_number": "11111",
    "summary": "QC ID #11111 - Sample existing bug 3",
    "status": "Open",
    "assignee": "John Doe",
    "priority": "Medium",
    "created": "2024-01-01T10:00:00.000Z",
    "jira_url": "https://jira.esl.corp.elbit.co.il/browse/ASUVNG-1002",
    "data_source": "simulated_for_testing"
  },
  {
    "key": "ASUVNG-1003",
    "qc_number": "22222",
    "summary": "QC ID #22222 - Sample existing bug 4",
    "status": "Open",
    "assignee": "John Doe",
    "priority": "Medium",
    "created": "2024-01-01T10:00:00.000Z",
    "jira_url": "https://jira.esl.corp.elbit.co.il/browse/ASUVNG-1003",
    "data_source": "simulated_for_testing"
  },
  {
    "key": "ASUVNG-1004",
    "qc_number": "33333",
    "summary": "QC ID #33333 - Sample existing bug 5",
    "status": "Open",
    "assignee": "John Doe",
    "priority": "Medium",
    "created": "2024-01-01T10:00:00.000Z",
    "jira_url": "https://jira.esl.corp.elbit.co.il/browse/ASUVNG-1004",
    "data_source": "simulated_for_testing"
  },
  {
    "key": "ASUVNG-1005",
    "qc_number": "10005",
    "summary": "QC ID #10005 - Another existing bug",
    "status": "In Progress",
    "assignee": "Jane Smith",
    "priority": "High",
    "created": "2024-01-01T10:00:00.000Z",
    "jira_url": "https://jira.esl.corp.elbit.co.il/browse/ASUVNG-1005",
    "data_source": "simulated_for_testing"
  },
  {
    "key": "ASUVNG-1006",
    "qc_number": "10006",
    "summary": "QC ID #10006 - Another existing bug",
    "status": "In Progress",
    "assignee": "Jane Smith",
    "priority": "High",
    "created": "2024-01-01T10:00:00.000Z",
    "jira_url": "https://jira.esl.corp.elbit.co.il/browse/ASUVNG-1006",
    "data_source": "simulated_for_testing"
  },
  {
    "key": "ASUVNG-1007",
    "qc_number": "10007",
    "summary": "QC ID #10007 - Another existing bug",
    "status": "In Progress",
    "assignee": "Jane Smith",
    "priority": "High",
    "created": "2024-01-01T10:00:00.000Z",
    "jira_url": "https://jira.esl.corp.elbit.co.il/browse/ASUVNG-1007",
    "data_source": "simulated_for_testing"
  },
  {
    "key": "ASUVNG-1008",
    "qc_number": "10008",
    "summary": "QC ID #10008 - Another existing bug",
    "status": "In Progress",
    "assignee": "Jane Smith",
    "priority": "High",
    "created": "2024-01-01T10:00:00.000Z",
    "jira_url": "https://jira.esl.corp.elbit.co.il/browse/ASUVNG-1008",
    "data_source": "simulated_for_testing"
  },
  {
    "key": "ASUVNG-1009",
    "qc_number": "10009",
    "summary": "QC ID #10009 - Another existing bug",
    "status": "In Progress",
    "assignee": "Jane Smith",
    "priority": "High",
    "created": "2024-01-01T10:00:00.000Z",
    "jira_url": "https://jira.esl.corp.elbit.co.il/browse/ASUVNG-1009",
    "data_source": "simulated_for_testing"
  },
  {
    "key": "ASUVNG-1010",
    "qc_number": "10010",
    "summary": "QC ID #10010 - Another existing bug",
    "status": "In Progress",
    "assignee": "Jane Smith",
    "priority": "High",
    "created": "2024-01-01T10:00:00.000Z",
    "jira_url": "https://jira.esl.corp.elbit.co.il/browse/ASUVNG-1010",
    "data_source": "simulated_for_testing"
  },
  {
    "key": "ASUVNG-1011",
    "qc_number": "10011",
    "summary": "QC ID #10011 - Another existing bug",
    "status": "In Progress",
    "assignee": "Jane Smith",
    "priority": "High",
    "created": "2024-01-01T10:00:00.000Z",
    "jira_url": "https://jira.esl.corp.elbit.co.il/browse/ASUVNG-1011",
    "data_source": "simulated_for_testing"
  },
  {
    "key": "ASUVNG-1012",
    "qc_number": "10012",
    "summary": "QC ID #10012 - Another existing bug",
    "status": "In Progress",
    "assignee": "Jane Smith",
    "priority": "High",
    "created": "2024-01-01T10:00:00.000Z",
    "jira_url": "https://jira.esl.corp.elbit.co.il/browse/ASUVNG-1012",
    "data_source": "simulated_for_testing"
  },
  {
    "key": "ASUVNG-1013",
    "qc_number": "10013",
    "summary": "QC ID #10013 - Another existing bug",
    "status": "In Progress",
    "assignee": "Jane Smith",
    "priority": "High",
    "created": "2024-01-01T10:00:00.000Z",
    "jira_url": "https://jira.esl.corp.elbit.co.il/browse/ASUVNG-1013",
    "data_source": "simulated_for_testing"
  },
  {
    "key": "ASUVNG-1014",
    "qc_number": "10014",
    "summary": "QC ID #10014 - Another existing bug",
    "status": "In Progress",
    "assignee": "Jane Smith",
    "priority": "High",
    "created": "2024-01-01T10:00:00.000Z",
    "jira_url": "https://jira.esl.corp.elbit.co.il/browse/ASUVNG-1014",
    "data_source": "simulated_for_testing"
  },
  {
    "key": "ASUVNG-1015",
    "qc_number": "10015",
    "summary": "QC ID #10015 - Another existing bug",
    "status": "In Progress",
    "assignee": "Jane Smith",
    "priority": "High",
    "created": "2024-01-01T10:00:00.000Z",
    "jira_url": "https://jira.esl.corp.elbit.co.il/browse/ASUVNG-1015",
    "data_source": "simulated_for_testing"
  },
  {
    "key": "ASUVNG-1016",
    "qc_number": "10016",
    "summary": "QC ID #10016 - Another existing bug",
    "status": "In Progress",
    "assignee": "Jane Smith",
    "priority": "High",
    "created": "2024-01-01T10:00:00.000Z",
    "jira_url": "https://jira.esl.corp.elbit.co.il/browse/ASUVNG-1016",
    "data_source": "simulated_for_testing"
  },
  {
    "key": "ASUVNG-1017",
    "qc_number": "10017",
    "summary": "QC ID #10017 - Another existing bug",
    "status": "In Progress",
    "assignee": "Jane Smith",
    "priority": "High",
    "created": "2024-01-01T10:00:00.000Z",
    "jira_url": "https://jira.esl.corp.elbit.co.il/browse/ASUVNG-1017",
    "data_source": "simulated_for_testing"
  },
  {
    "key": "ASUVNG-1018",
    "qc_number": "10018",
    "summary": "QC ID #10018 - Another existing bug",
    "status": "In Progress",
    "assignee": "Jane Smith",
    "priority": "High",
    "created": "2024-01-01T10:00:00.000Z",
    "jira_url": "https://jira.esl.corp.elbit.co.il/browse/ASUVNG-1018",
    "data_source": "simulated_for_testing"
  },
  {
    "key": "ASUVNG-1019",
    "qc_number": "10019",
    "summary": "QC ID #10019 - Another existing bug",
    "status": "In Progress",
    "assignee": "Jane Smith",
    "priority": "High",
    "created": "2024-01-01T10:00:00.000Z",
    "jira_url": "https://jira.esl.corp.elbit.co.il/browse/ASUVNG-1019",
    "data_source": "simulated_for_testing"
  },
  {
    "key": "ASUVNG-1020",
    "qc_number": "10020",
    "summary": "QC ID #10020 - Another existing bug",
    "status": "In Progress",
    "assignee": "Jane Smith",
    "priority": "High",
    "created": "2024-01-01T10:00:00.000Z",
    "jira_url": "https://jira.esl.corp.elbit.co.il/browse/ASUVNG-1020",
    "data_source": "simulated_for_testing"
  },
  {
    "key": "ASUVNG-1021",
    "qc_number": "10021",
    "summary": "QC ID #10021 - Another existing bug",
    "status": "In Progress",
    "assignee": "Jane Smith",
    "priority": "High",
    "created": "2024-01-01T10:00:00.000Z",
    "jira_url": "https://jira.esl.corp.elbit.co.il/browse/ASUVNG-1021",
    "data_source": "simulated_for_testing"
  },
  {
    "key": "ASUVNG-1022",
    "qc_number": "10022",
    "summary": "QC ID #10022 - Another existing bug",
    "status": "In Progress",
    "assignee": "Jane Smith",
    "priority": "High",
    "created": "2024-01-01T10:00:00.000Z",
    "jira_url": "https://jira.esl.corp.elbit.co.il/browse/ASUVNG-1022",
    "data_source": "simulated_for_testing"
  },
  {
    "key": "ASUVNG-1023",
    "qc_number": "10023",
    "summary": "QC ID #10023 - Another existing bug",
    "status": "In Progress",
    "assignee": "Jane Smith",
    "priority": "High",
    "created": "2024-01-01T10:00:00.000Z",
    "jira_url": "https://jira.esl.corp.elbit.co.il/browse/ASUVNG-1023",
    "data_source": "simulated_for_testing"
  },
  {
    "key": "ASUVNG-1024",
    "qc_number": "10024",
    "summary": "QC ID #10024 - Another existing bug",
    "status": "In Progress",
    "assignee": "Jane Smith",
    "priority": "High",
    "created": "2024-01-01T10:00:00.000Z",
    "jira_url": "https://jira.esl.corp.elbit.co.il/browse/ASUVNG-1024",
    "data_source": "simulated_for_testing"
  },
  {
    "key": "ASUVNG-1025",
    "qc_number": "10025",
    "summary": "QC ID #10025 - Another existing bug",
    "status": "In Progress",
    "assignee": "Jane Smith",
    "priority": "High",
    "created": "2024-01-01T10:00:00.000Z",
    "jira_url": "https://jira.esl.corp.elbit.co.il/browse/ASUVNG-1025",
    "data_source": "simulated_for_testing"
  },
  {
    "key": "ASUVNG-1026",
    "qc_number": "10026",
    "summary": "QC ID #10026 - Another existing bug",
    "status": "In Progress",
    "assignee": "Jane Smith",
    "priority": "High",
    "created": "2024-01-01T10:00:00.000Z",
    "jira_url": "https://jira.esl.corp.elbit.co.il/browse/ASUVNG-1026",
    "data_source": "simulated_for_testing"
  },
  {
    "key": "ASUVNG-1027",
    "qc_number": "10027",
    "summary": "QC ID #10027 - Another existing bug",
    "status": "In Progress",
    "assignee": "Jane Smith",
    "priority": "High",
    "created": "2024-01-01T10:00:00.000Z",
    "jira_url": "https://jira.esl.corp.elbit.co.il/browse/ASUVNG-1027",
    "data_source": "simulated_for_testing"
  },
  {
    "key": "ASUVNG-1028",
    "qc_number": "10028",
    "summary": "QC ID #10028 - Another existing bug",
    "status": "In Progress",
    "assignee": "Jane Smith",
    "priority": "High",
    "created": "2024-01-01T10:00:00.000Z",
    "jira_url": "https://jira.esl.corp.elbit.co.il/browse/ASUVNG-1028",
    "data_source": "simulated_for_testing"
  },
  {
    "key": "ASUVNG-1029",
    "qc_number": "10029",
    "summary": "QC ID #10029 - Another existing bug",
    "status": "In Progress",
    "assignee": "Jane Smith",
    "priority": "High",
    "created": "2024-01-01T10:00:00.000Z",
    "jira_url": "https://jira.esl.corp.elbit.co.il/browse/ASUVNG-1029",
    "data_source": "simulated_for_testing"
  },
  {
    "key": "ASUVNG-1030",
    "qc_number": "10030",
    "summary": "QC ID #10030 - Another existing bug",
    "status": "In Progress",
    "assignee": "Jane Smith",
    "priority": "High",
    "created": "2024-01-01T10:00:00.000Z",
    "jira_url": "https://jira.esl.corp.elbit.co.il/browse/ASUVNG-1030",
    "data_source": "simulated_for_testing"
  },
  {
    "key": "ASUVNG-1031",
    "qc_number": "10031",
    "summary": "QC ID #10031 - Another existing bug",
    "status": "In Progress",
    "assignee": "Jane Smith",
    "priority": "High",
    "created": "2024-01-01T10:00:00.000Z",
    "jira_url": "https://jira.esl.corp.elbit.co.il/browse/ASUVNG-1031",
    "data_source": "simulated_for_testing"
  },
  {
    "key": "ASUVNG-1032",
    "qc_number": "10032",
    "summary": "QC ID #10032 - Another existing bug",
    "status": "In Progress",
    "assignee": "Jane Smith",
    "priority": "High",
    "created": "2024-01-01T10:00:00.000Z",
    "jira_url": "https://jira.esl.corp.elbit.co.il/browse/ASUVNG-1032",
    "data_source": "simulated_for_testing"
  },
  {
    "key": "ASUVNG-1033",
    "qc_number": "10033",
    "summary": "QC ID #10033 - Another existing bug",
    "status": "In Progress",
    "assignee": "Jane Smith",
    "priority": "High",
    "created": "2024-01-01T10:00:00.000Z",
    "jira_url": "https://jira.esl.corp.elbit.co.il/browse/ASUVNG-1033",
    "data_source": "simulated_for_testing"
  },
  {
    "key": "ASUVNG-1034",
    "qc_number": "10034",
    "summary": "QC ID #10034 - Another existing bug",
    "status": "In Progress",
    "assignee": "Jane Smith",
    "priority": "High",
    "created": "2024-01-01T10:00:00.000Z",
    "jira_url": "https://jira.esl.corp.elbit.co.il/browse/ASUVNG-1034",
    "data_source": "simulated_for_testing"
  },
  {
    "key": "ASUVNG-1035",
    "qc_number": "10035",
    "summary": "QC ID #10035 - Another existing bug",
    "status": "In Progress",
    "assignee": "Jane Smith",
    "priority": "High",
    "created": "2024-01-01T10:00:00.000Z",
    "jira_url": "https://jira.esl.corp.elbit.co.il/browse/ASUVNG-1035",
    "data_source": "simulated_for_testing"
  },
  {
    "key": "ASUVNG-1036",
    "qc_number": "10036",
    "summary": "QC ID #10036 - Another existing bug",
    "status": "In Progress",
    "assignee": "Jane Smith",
    "priority": "High",
    "created": "2024-01-01T10:00:00.000Z",
    "jira_url": "https://jira.esl.corp.elbit.co.il/browse/ASUVNG-1036",
    "data_source": "simulated_for_testing"
  },
  {
    "key": "ASUVNG-1037",
    "qc_number": "10037",
    "summary": "QC ID #10037 - Another existing bug",
    "status": "In Progress",
    "assignee": "Jane Smith",
    "priority": "High",
    "created": "2024-01-01T10:00:00.000Z",
    "jira_url": "https://jira.esl.corp.elbit.co.il/browse/ASUVNG-1037",
    "data_source": "simulated_for_testing"
  },
  {
    "key": "ASUVNG-1038",
    "qc_number": "10038",
    "summary": "QC ID #10038 - Another existing bug",
    "status": "In Progress",
    "assignee": "Jane Smith",
    "priority": "High",
    "created": "2024-01-01T10:00:00.000Z",
    "jira_url": "https://jira.esl.corp.elbit.co.il/browse/ASUVNG-1038",
    "data_source": "simulated_for_testing"
  },
  {
    "key": "ASUVNG-1039",
    "qc_number": "10039",
    "summary": "QC ID #10039 - Another existing bug",
    "status": "In Progress",
    "assignee": "Jane Smith",
    "priority": "High",
    "created": "2024-01-01T10:00:00.000Z",
    "jira_url": "https://jira.esl.corp.elbit.co.il/browse/ASUVNG-1039",
    "data_source": "simulated_for_testing"
  },
  {
    "key": "ASUVNG-1040",
    "qc_number": "10040",
    "summary": "QC ID #10040 - Another existing bug",
    "status": "In Progress",
    "assignee": "Jane Smith",
    "priority": "High",
    "created": "2024-01-01T10:00:00.000Z",
    "jira_url": "https://jira.esl.corp.elbit.co.il/browse/ASUVNG-1040",
    "data_source": "simulated_for_testing"
  },
  {
    "key": "ASUVNG-1041",
    "qc_number": "10041",
    "summary": "QC ID #10041 - Another existing bug",
    "status": "In Progress",
    "assignee": "Jane Smith",
    "priority": "High",
    "created": "2024-01-01T10:00:00.000Z",
    "jira_url": "https://jira.esl.corp.elbit.co.il/browse/ASUVNG-1041",
    "data_source": "simulated_for_testing"
  },
  {
    "key": "ASUVNG-1042",
    "qc_number": "10042",
    "summary": "QC ID #10042 - Another existing bug",
    "status": "In Progress",
    "assignee": "Jane Smith",
    "priority": "High",
    "created": "2024-01-01T10:00:00.000Z",
    "jira_url": "https://jira.esl.corp.elbit.co.il/browse/ASUVNG-1042",
    "data_source": "simulated_for_testing"
  },
  {
    "key": "ASUVNG-1043",
    "qc_number": "10043",
    "summary": "QC ID #10043 - Another existing bug",
    "status": "In Progress",
    "assignee": "Jane Smith",
    "priority": "High",
    "created": "2024-01-01T10:00:00.000Z",
    "jira_url": "https://jira.esl.corp.elbit.co.il/browse/ASUVNG-1043",
    "data_source": "simulated_for_testing"
  },
  {
    "key": "ASUVNG-1044",
    "qc_number": "10044",
    "summary": "QC ID #10044 - Another existing bug",
    "status": "In Progress",
    "assignee": "Jane Smith",
    "priority": "High",
    "created": "2024-01-01T10:00:00.000Z",
    "jira_url": "https://jira.esl.corp.elbit.co.il/browse/ASUVNG-1044",
    "data_source": "simulated_for_testing"
  },
  {
    "key": "ASUVNG-1045",
    "qc_number": "10045",
    "summary": "QC ID #10045 - Another existing bug",
    "status": "In Progress",
    "assignee": "Jane Smith",
    "priority": "High",
    "created": "2024-01-01T10:00:00.000Z",
    "jira_url": "https://jira.esl.corp.elbit.co.il/browse/ASUVNG-1045",
    "data_source": "simulated_for_testing"
  },
  {
    "key": "ASUVNG-1046",
    "qc_number": "10046",
    "summary": "QC ID #10046 - Another existing bug",
    "status": "In Progress",
    "assignee": "Jane Smith",
    "priority": "High",
    "created": "2024-01-01T10:00:00.000Z",
    "jira_url": "https://jira.esl.corp.elbit.co.il/browse/ASUVNG-1046",
    "data_source": "simulated_for_testing"
  },
  {
    "key": "ASUVNG-1047",
    "qc_number": "10047",
    "summary": "QC ID #10047 - Another existing bug",
    "status": "In Progress",
    "assignee": "Jane Smith",
    "priority": "High",
    "created": "2024-01-01T10:00:00.000Z",
    "jira_url": "https://jira.esl.corp.elbit.co.il/browse/ASUVNG-1047",
    "data_source": "simulated_for_testing"
  },
  {
    "key": "ASUVNG-1048",
    "qc_number": "10048",
    "summary": "QC ID #10048 - Another existing bug",
    "status": "In Progress",
    "assignee": "Jane Smith",
    "priority": "High",
    "created": "2024-01-01T10:00:00.000Z",
    "jira_url": "https://jira.esl.corp.elbit.co.il/browse/ASUVNG-1048",
    "data_source": "simulated_for_testing"
  },
  {
    "key": "ASUVNG-1049",
    "qc_number": "10049",
    "summary": "QC ID #10049 - Another existing bug",
    "status": "In Progress",
    "assignee": "Jane Smith",
    "priority": "High",
    "created": "2024-01-01T10:00:00.000Z",
    "jira_url": "https://jira.esl.corp.elbit.co.il/browse/ASUVNG-1049",
    "data_source": "simulated_for_testing"
  }
]